{"cameraMode":{"drawMode":0,"name":"Shaded","section":"Shading Mode"},"sceneLighting":true,"audioPlay":false,"sceneViewState":{"showFog":true,"showMaterialUpdate":false,"showSkybox":true,"showFlares":true,"showImageEffects":true,"showParticleSystems":true,"showVisualEffectGraphs":true,"m_FxEnabled":true},"in2DMode":false,"pivot":{"x":11.022612571716309,"y":7.4202070236206059,"z":-17.875757217407228},"rotation":{"x":0.06678935140371323,"y":-0.041893310844898227,"z":0.0028063571080565454,"w":0.9968858361244202},"size":7.3522186279296879,"orthographic":false}