{"cameraMode":{"drawMode":0,"name":"Shaded","section":"Shading Mode"},"sceneLighting":true,"audioPlay":false,"sceneViewState":{"showFog":true,"showMaterialUpdate":false,"showSkybox":true,"showFlares":true,"showImageEffects":true,"showParticleSystems":true,"showVisualEffectGraphs":true,"m_FxEnabled":true},"in2DMode":false,"pivot":{"x":4.071446418762207,"y":-6.823528289794922,"z":6.088336944580078},"rotation":{"x":-0.15967725217342378,"y":-0.040837567299604419,"z":0.006614872254431248,"w":-0.9863157868385315},"size":27.282745361328126,"orthographic":false}