{"cameraMode":{"drawMode":0,"name":"Shaded","section":"Shading Mode"},"sceneLighting":true,"audioPlay":false,"sceneViewState":{"showFog":true,"showMaterialUpdate":false,"showSkybox":true,"showFlares":true,"showImageEffects":true,"showParticleSystems":true,"showVisualEffectGraphs":true,"m_FxEnabled":true},"in2DMode":false,"pivot":{"x":0.07507729530334473,"y":1.4534351825714112,"z":-15.941825866699219},"rotation":{"x":0.026895912364125253,"y":0.9594777226448059,"z":-0.09820657968521118,"w":0.26275280117988589},"size":2.8087825775146486,"orthographic":false}