{"cameraMode":{"drawMode":0,"name":"Shaded","section":"Shading Mode"},"sceneLighting":true,"audioPlay":false,"sceneViewState":{"showFog":true,"showMaterialUpdate":false,"showSkybox":true,"showFlares":true,"showImageEffects":true,"showParticleSystems":true,"showVisualEffectGraphs":true,"m_FxEnabled":true},"in2DMode":false,"pivot":{"x":-2.241020679473877,"y":0.8478543758392334,"z":0.5092124938964844},"rotation":{"x":0.005033240187913179,"y":0.986657977104187,"z":-0.15973255038261414,"w":0.031090013682842256},"size":4.807394981384277,"orthographic":false}