{"cameraMode":{"drawMode":0,"name":"Shaded","section":"Shading Mode"},"sceneLighting":true,"audioPlay":false,"sceneViewState":{"showFog":true,"showMaterialUpdate":false,"showSkybox":true,"showFlares":true,"showImageEffects":true,"showParticleSystems":true,"showVisualEffectGraphs":true,"m_FxEnabled":true},"in2DMode":false,"pivot":{"x":-12.383471488952637,"y":-0.10537528991699219,"z":-0.02655029296875},"rotation":{"x":0.1292487382888794,"y":-0.11574894934892655,"z":0.015151645988225937,"w":0.9847527146339417},"size":25.414302825927736,"orthographic":false}