{"cameraMode":{"drawMode":0,"name":"Shaded","section":"Shading Mode"},"sceneLighting":false,"audioPlay":false,"sceneViewState":{"showFog":true,"showMaterialUpdate":false,"showSkybox":false,"showFlares":true,"showImageEffects":true,"showParticleSystems":true,"showVisualEffectGraphs":true,"m_FxEnabled":true},"in2DMode":false,"pivot":{"x":0.12809693813323975,"y":0.45802801847457888,"z":0.5149153470993042},"rotation":{"x":0.23892706632614137,"y":-0.3039831519126892,"z":0.0790451318025589,"w":0.9188370704650879},"size":0.5713527202606201,"orthographic":false}